{"size": 2, "letters": [[0.0, 0.050980392156862744, 1.0, 1.0, 1.0, 0.0, 1.0, 0.9686274509803922, 0.023529411764705882, 1.0, 1.0, 1.0, 0.9764705882352941, 0.996078431372549, 0.0, 0.984313725490196, 1.0, 0.0, 1.0, 1.0, 1.0, 1.0, 0.984313725490196, 0.9647058823529412, 0.058823529411764705, 1.0, 0.9764705882352941, 0.996078431372549, 1.0, 1.0, 0.011764705882352941, 1.0, 0.0, 0.9686274509803922, 0.9764705882352941, 0.9019607843137255, 0.9411764705882353, 0.00784313725490196, 1.0, 1.0, 1.0, 0.984313725490196, 1.0, 0.9607843137254902, 1.0, 0.9372549019607843, 1.0, 1.0, 0.9372549019607843, 0.0, 0.9607843137254902, 0.9882352941176471, 1.0, 0.9921568627450981, 1.0, 1.0, 1.0, 1.0, 0.9764705882352941, 1.0, 1.0, 1.0, 1.0, 1.0, 0.996078431372549, 1.0, 1.0, 0.07450980392156863, 0.984313725490196, 1.0, 0.0, 1.0, 0.0, 1.0, 1.0, 1.0, 1.0, 0.01568627450980392, 1.0, 1.0, 0.07058823529411765, 1.0, 1.0, 1.0, 1.0, 0.9215686274509803, 0.07058823529411765, 1.0, 0.996078431372549, 0.043137254901960784, 1.0, 0.9921568627450981, 0.01568627450980392, 0.9176470588235294, 1.0, 0.984313725490196, 1.0, 1.0, 0.9294117647058824, 1.0, 1.0, 0.0, 0.9294117647058824, 1.0, 0.9882352941176471, 1.0, 0.9882352941176471, 1.0, 0.0, 0.9764705882352941, 1.0, 1.0, 1.0, 0.9803921568627451, 0.9686274509803922, 1.0, 1.0, 0.9215686274509803, 1.0, 1.0, 0.0, 1.0, 0.9882352941176471, 1.0, 0.9411764705882353, 1.0, 0.9921568627450981, 0.984313725490196, 0.9882352941176471, 1.0, 0.058823529411764705, 1.0, 1.0, 1.0, 1.0, 0.984313725490196, 0.0, 1.0, 1.0, 1.0, 1.0, 0.0, 0.0, 1.0, 0.9372549019607843, 0.09019607843137255, 1.0, 0.996078431372549, 0.06666666666666667, 0.9764705882352941, 1.0, 0.023529411764705882, 0.03529411764705882, 0.9137254901960784, 1.0, 0.9803921568627451, 1.0, 0.9411764705882353, 0.0, 1.0, 1.0, 0.011764705882352941, 1.0, 0.9803921568627451, 0.9803921568627451, 1.0, 1.0, 1.0, 0.9372549019607843, 1.0, 0.0, 1.0, 0.9647058823529412, 0.0, 0.0196078431372549, 1.0, 0.9372549019607843, 1.0, 1.0, 1.0, 1.0, 0.00392156862745098, 0.0392156862745098, 1.0, 1.0, 1.0, 0.03529411764705882, 1.0, 0.9490196078431372, 0.0, 1.0, 1.0, 1.0, 0.996078431372549, 1.0, 1.0, 1.0, 0.00784313725490196, 0.9529411764705882, 1.0, 0.9882352941176471, 0.0, 1.0, 1.0, 0.0, 1.0, 1.0, 0.996078431372549, 1.0, 1.0, 0.9882352941176471, 1.0, 0.9686274509803922, 0.0, 0.984313725490196, 1.0, 0.0, 0.0, 1.0, 0.984313725490196, 0.0, 0.996078431372549, 1.0, 1.0, 1.0, 1.0, 1.0, 1.0, 1.0, 0.9450980392156862, 1.0, 1.0, 0.0, 1.0, 0.9803921568627451, 0.054901960784313725, 0.9254901960784314, 1.0, 0.9921568627450981, 0.996078431372549, 1.0, 0.0, 0.9803921568627451, 1.0, 0.9921568627450981, 1.0, 0.9764705882352941, 1.0, 0.0, 1.0, 1.0, 1.0, 0.9372549019607843, 0.9529411764705882, 0.0, 1.0, 0.984313725490196, 0.0, 1.0, 1.0, 0.0196078431372549, 1.0, 1.0, 0.0, 0.9529411764705882, 0.9882352941176471, 0.9529411764705882, 1.0, 1.0, 0.984313725490196, 0.9450980392156862, 1.0, 0.9647058823529412, 1.0, 0.9372549019607843, 0.996078431372549, 1.0, 0.984313725490196, 1.0, 1.0, 1.0, 0.9686274509803922, 1.0, 1.0, 1.0, 0.011764705882352941, 1.0, 0.027450980392156862, 0.047058823529411764, 1.0, 0.9803921568627451, 0.07058823529411765, 0.984313725490196, 0.9921568627450981, 0.0, 0.9607843137254902, 1.0, 0.0, 0.0, 1.0, 0.9803921568627451, 1.0, 1.0, 1.0, 0.9568627450980393, 1.0, 1.0, 1.0, 1.0, 0.0, 1.0, 1.0, 0.9568627450980393, 0.9490196078431372, 1.0, 1.0, 0.01568627450980392, 0.984313725490196, 0.9921568627450981, 0.9725490196078431, 0.9921568627450981, 0.9803921568627451, 0.00392156862745098, 0.9803921568627451, 0.0392156862745098, 1.0, 1.0, 1.0, 0.996078431372549, 1.0, 1.0, 0.9921568627450981, 0.0, 1.0, 1.0, 1.0, 1.0, 1.0, 1.0, 1.0, 0.984313725490196, 1.0, 1.0, 0.9647058823529412, 0.9882352941176471, 1.0, 0.984313725490196, 1.0, 0.9803921568627451, 0.0, 0.01568627450980392, 1.0, 1.0, 0.9803921568627451, 1.0, 0.9764705882352941, 1.0, 0.9568627450980393, 0.9882352941176471, 1.0, 0.9529411764705882, 1.0, 1.0, 1.0, 1.0, 0.0, 0.996078431372549, 1.0, 1.0, 0.0, 1.0, 0.996078431372549, 0.0, 1.0, 0.9686274509803922, 0.03137254901960784, 1.0, 0.984313725490196, 0.9725490196078431, 0.996078431372549, 1.0, 0.0196078431372549, 0.9725490196078431, 1.0, 1.0, 0.09411764705882353, 1.0, 1.0, 1.0, 0.03529411764705882, 1.0, 1.0, 1.0, 1.0, 0.9607843137254902, 1.0, 1.0, 0.043137254901960784, 1.0, 0.9529411764705882, 0.0, 1.0, 1.0, 0.0, 1.0, 1.0, 0.9921568627450981, 1.0, 1.0, 0.0, 0.996078431372549, 1.0, 1.0, 0.0, 1.0, 0.9686274509803922, 0.011764705882352941, 1.0, 1.0, 1.0, 1.0, 0.9764705882352941, 0.9176470588235294, 1.0, 0.996078431372549, 0.00784313725490196, 1.0, 0.00392156862745098, 1.0, 1.0, 1.0, 1.0, 0.9803921568627451, 1.0, 0.0, 1.0, 0.9882352941176471, 1.0, 0.9647058823529412, 1.0, 1.0, 0.9921568627450981, 0.996078431372549, 0.9921568627450981, 1.0, 0.9803921568627451, 1.0, 1.0, 1.0, 1.0, 0.9764705882352941, 1.0, 1.0, 0.0, 0.9803921568627451, 0.9686274509803922, 0.0392156862745098, 1.0, 0.9803921568627451, 0.0, 1.0, 1.0, 0.07058823529411765, 0.9490196078431372, 1.0, 0.996078431372549, 0.00392156862745098, 1.0, 0.996078431372549, 0.996078431372549, 1.0, 1.0, 0.00784313725490196, 1.0, 1.0, 1.0, 1.0, 0.047058823529411764, 1.0, 1.0, 0.9882352941176471, 0.03529411764705882, 1.0, 0.9647058823529412, 0.0, 1.0, 1.0, 0.043137254901960784, 0.9647058823529412, 1.0, 0.0, 1.0, 0.0, 0.9490196078431372, 1.0, 1.0, 1.0, 1.0, 0.996078431372549, 1.0, 1.0, 1.0, 1.0, 1.0, 1.0, 0.027450980392156862, 0.9333333333333333, 1.0, 0.00392156862745098, 0.0, 1.0, 1.0, 0.0196078431372549, 1.0, 0.0, 0.0, 0.9411764705882353, 1.0, 1.0, 1.0, 1.0, 0.9803921568627451, 0.00392156862745098, 1.0, 1.0, 0.043137254901960784, 1.0, 1.0, 0.0, 0.9450980392156862, 1.0, 1.0, 0.06666666666666667, 0.0, 1.0, 1.0, 1.0, 0.9686274509803922, 1.0, 1.0, 0.054901960784313725, 1.0, 0.9607843137254902, 1.0, 0.9764705882352941, 1.0, 1.0, 0.9882352941176471, 1.0, 0.9921568627450981, 1.0, 1.0, 0.8862745098039215, 0.023529411764705882, 1.0, 1.0, 0.0, 1.0, 1.0, 1.0, 1.0, 1.0, 1.0, 1.0, 1.0, 0.0784313725490196, 0.9647058823529412, 1.0, 0.9764705882352941, 0.9725490196078431, 1.0, 0.0, 1.0, 1.0, 0.9607843137254902, 1.0, 1.0, 1.0, 1.0, 1.0, 1.0, 1.0, 1.0, 1.0, 0.9686274509803922, 0.9921568627450981, 1.0, 1.0, 1.0, 1.0, 1.0, 1.0, 1.0, 0.011764705882352941, 1.0, 0.984313725490196, 0.01568627450980392, 0.9372549019607843, 0.0, 0.996078431372549, 0.996078431372549, 0.9490196078431372, 0.0196078431372549, 0.0, 1.0, 0.9568627450980393, 0.047058823529411764, 1.0, 0.9686274509803922, 0.01568627450980392, 1.0, 1.0, 1.0, 1.0, 1.0, 1.0, 1.0, 1.0, 0.996078431372549, 1.0, 0.9725490196078431, 0.0, 1.0, 1.0, 1.0, 1.0, 0.9803921568627451, 0.0, 0.9921568627450981, 1.0, 0.09019607843137255, 1.0, 0.0, 1.0, 0.0, 1.0, 1.0, 0.9568627450980393, 0.9450980392156862, 1.0, 1.0, 1.0, 1.0, 1.0, 1.0, 0.0, 0.996078431372549, 1.0, 0.984313725490196, 0.047058823529411764, 1.0, 1.0, 1.0, 1.0, 1.0, 0.9647058823529412, 1.0, 1.0, 0.9372549019607843, 0.9921568627450981, 1.0, 1.0, 0.9450980392156862, 1.0, 1.0, 1.0, 1.0, 1.0, 0.0, 1.0, 1.0, 1.0, 1.0, 0.0, 0.9137254901960784, 1.0, 1.0, 0.9529411764705882, 1.0, 0.996078431372549, 0.9568627450980393, 0.9764705882352941, 0.9254901960784314, 0.01568627450980392, 0.9607843137254902, 1.0, 0.9921568627450981, 0.0, 1.0, 0.9607843137254902, 0.996078431372549, 1.0, 0.9725490196078431, 1.0, 0.9647058823529412, 1.0, 0.08235294117647059, 1.0, 1.0, 1.0, 0.9450980392156862, 0.9882352941176471, 1.0, 1.0, 0.9725490196078431, 1.0, 1.0, 0.996078431372549, 0.9647058823529412, 1.0, 1.0, 0.9725490196078431, 1.0, 1.0, 0.0, 0.984313725490196, 1.0, 0.9686274509803922, 0.0, 0.0, 1.0, 1.0, 1.0, 0.9568627450980393, 0.9647058823529412, 1.0, 1.0, 1.0, 1.0, 0.0, 0.00784313725490196, 1.0, 1.0, 1.0, 1.0, 0.0, 1.0, 0.9372549019607843, 1.0, 0.0, 0.9921568627450981, 0.0, 0.9333333333333333, 1.0, 1.0, 0.9803921568627451, 0.0, 0.9568627450980393, 1.0, 0.0, 1.0, 1.0, 1.0, 0.9921568627450981, 1.0, 1.0, 1.0, 1.0, 1.0, 1.0, 1.0, 0.0, 1.0, 1.0, 0.047058823529411764, 